INSERT [P1_77492686M].[dbo].[HOSPITAL] ([HOSPITAL_COD], [NOMBRE], [DIRECCION], [TELEFONO], [NUM_CAMA]) VALUES (13, N'Provincial ', N'0Donell 5O ', N'964-4264 ', 502)
INSERT [P1_77492686M].[dbo].[HOSPITAL] ([HOSPITAL_COD], [NOMBRE], [DIRECCION], [TELEFONO], [NUM_CAMA]) VALUES (18, N'General ', N'Atocha s/n ', N'595-3111 ', 987)
INSERT [P1_77492686M].[dbo].[HOSPITAL] ([HOSPITAL_COD], [NOMBRE], [DIRECCION], [TELEFONO], [NUM_CAMA]) VALUES (22, N'La Paz ', N'Castellana 1000 ', N'923-5411 ', 412)
INSERT [P1_77492686M].[dbo].[HOSPITAL] ([HOSPITAL_COD], [NOMBRE], [DIRECCION], [TELEFONO], [NUM_CAMA]) VALUES (45, N'San Carlos ', N'Ciudad Universitaria ', N'597-1500 ', 845)

INSERT [P1_77492686M].[dbo].[SALA] ([HOSPITAL_COD], [SALA_COD], [NOMBRE], [NUM_CAMA]) VALUES (13, 3, N'Cuidados Intensivos ', 21)
INSERT [P1_77492686M].[dbo].[SALA] ([HOSPITAL_COD], [SALA_COD], [NOMBRE], [NUM_CAMA]) VALUES (13, 6, N'Psiquiátrico ', 67)
INSERT [P1_77492686M].[dbo].[SALA] ([HOSPITAL_COD], [SALA_COD], [NOMBRE], [NUM_CAMA]) VALUES (18, 3, N'Cuidados Intensivos ', 10)
INSERT [P1_77492686M].[dbo].[SALA] ([HOSPITAL_COD], [SALA_COD], [NOMBRE], [NUM_CAMA]) VALUES (18, 4, N'Cardiología ', 53)
INSERT [P1_77492686M].[dbo].[SALA] ([HOSPITAL_COD], [SALA_COD], [NOMBRE], [NUM_CAMA]) VALUES (22, 1, N'Recuperación ', 10)
INSERT [P1_77492686M].[dbo].[SALA] ([HOSPITAL_COD], [SALA_COD], [NOMBRE], [NUM_CAMA]) VALUES (22, 2, N'Maternidad ', 34)
INSERT [P1_77492686M].[dbo].[SALA] ([HOSPITAL_COD], [SALA_COD], [NOMBRE], [NUM_CAMA]) VALUES (22, 6, N'Psiquiátrico ', 118)

INSERT [P1_77492686M].[dbo].[PLANTILLA] ([HOSPITAL_COD], [SALA_COD], [EMPLEADO_NO], [APELLIDOS_NOMBRE], [FUNCION], [TURNO], [SALARIO]) VALUES (22, 6, 1009, N'Higueras D. ', N'Enfermera ', N'T', 20050.0000)
INSERT [P1_77492686M].[dbo].[PLANTILLA] ([HOSPITAL_COD], [SALA_COD], [EMPLEADO_NO], [APELLIDOS_NOMBRE], [FUNCION], [TURNO], [SALARIO]) VALUES (22, 2, 1234, N'Garcia J. ', N'Enfermo ', N'M', 30000.0000)
INSERT [P1_77492686M].[dbo].[PLANTILLA] ([HOSPITAL_COD], [SALA_COD], [EMPLEADO_NO], [APELLIDOS_NOMBRE], [FUNCION], [TURNO], [SALARIO]) VALUES (22, 2, 1280, N'Amigo R. ', N'Interno ', N'N', 22100.0000)
INSERT [P1_77492686M].[dbo].[PLANTILLA] ([HOSPITAL_COD], [SALA_COD], [EMPLEADO_NO], [APELLIDOS_NOMBRE], [FUNCION], [TURNO], [SALARIO]) VALUES (13, 6, 3106, N'Hernandez J. ', N'Enfermero ', N'T', 27550.0000)
INSERT [P1_77492686M].[dbo].[PLANTILLA] ([HOSPITAL_COD], [SALA_COD], [EMPLEADO_NO], [APELLIDOS_NOMBRE], [FUNCION], [TURNO], [SALARIO]) VALUES (13, 6, 3754, N'Diaz B. ', N'Enfermera ', N'T', 22620.0000)
INSERT [P1_77492686M].[dbo].[PLANTILLA] ([HOSPITAL_COD], [SALA_COD], [EMPLEADO_NO], [APELLIDOS_NOMBRE], [FUNCION], [TURNO], [SALARIO]) VALUES (22, 1, 6065, N'Rivera G. ', N'Enfermera ', N'N', 16260.0000)
INSERT [P1_77492686M].[dbo].[PLANTILLA] ([HOSPITAL_COD], [SALA_COD], [EMPLEADO_NO], [APELLIDOS_NOMBRE], [FUNCION], [TURNO], [SALARIO]) VALUES (18, 4, 6357, N'Karplus W. ', N'Interno, ', N'T', 33790.0000)
INSERT [P1_77492686M].[dbo].[PLANTILLA] ([HOSPITAL_COD], [SALA_COD], [EMPLEADO_NO], [APELLIDOS_NOMBRE], [FUNCION], [TURNO], [SALARIO]) VALUES (22, 1, 7379, N'Carlos R. ', N'Enfermera ', N'T', 21190.0000)
INSERT [P1_77492686M].[dbo].[PLANTILLA] ([HOSPITAL_COD], [SALA_COD], [EMPLEADO_NO], [APELLIDOS_NOMBRE], [FUNCION], [TURNO], [SALARIO]) VALUES (22, 6, 8422, N'Bocina G. ', N'Enfermero ', N'M', 16380.0000)
INSERT [P1_77492686M].[dbo].[PLANTILLA] ([HOSPITAL_COD], [SALA_COD], [EMPLEADO_NO], [APELLIDOS_NOMBRE], [FUNCION], [TURNO], [SALARIO]) VALUES (22, 1, 8526, N'Frank H. ', N'Enfermera ', N'T', 25220.0000)
INSERT [P1_77492686M].[dbo].[PLANTILLA] ([HOSPITAL_COD], [SALA_COD], [EMPLEADO_NO], [APELLIDOS_NOMBRE], [FUNCION], [TURNO], [SALARIO]) VALUES (22, 2, 9901, N'NuÑez C. ', N'Interno ', N'M', 22100.0000)
